时间戳,日志内容
21:15:17,实例02运行结果出现错误
,"写数据地址: C, 写数据: C7D0, 读数据地址: C, 读数据: 200C"
,"写数据地址: 9, 写数据: 235B, 读数据地址: 9, 读数据: 2009"
,"写数据地址: D, 写数据: A9CD, 读数据地址: D, 读数据: 200D"
,"写数据地址: 8, 写数据: 8D75, 读数据地址: 8, 读数据: 2008"
,"写数据地址: A, 写数据: 2F41, 读数据地址: A, 读数据: 200A"
,"写数据地址: 9, 写数据: 85D5, 读数据地址: 9, 读数据: 2009"
,"写数据地址: D, 写数据: D007, 读数据地址: D, 读数据: 200D"
,"写数据地址: C, 写数据: 13D8, 读数据地址: C, 读数据: 200C"
,"写数据地址: A, 写数据: 04B1, 读数据地址: A, 读数据: 200A"
,"写数据地址: A, 写数据: 7846, 读数据地址: A, 读数据: 200A"
21:16:30,实例01运行结果正确
21:16:34,实例03运行结果正确
21:16:37,实例03运行结果正确
21:16:41,实例02运行结果出现错误
,"写数据地址: 9, 写数据: 1E6C, 读数据地址: 9, 读数据: 2009"
,"写数据地址: B, 写数据: 7827, 读数据地址: B, 读数据: 200B"
,"写数据地址: 8, 写数据: F9C1, 读数据地址: 8, 读数据: 2008"
,"写数据地址: 8, 写数据: 7DC2, 读数据地址: 8, 读数据: 2008"
,"写数据地址: 7, 写数据: D396, 读数据地址: 7, 读数据: 2007"
,"写数据地址: D, 写数据: 6620, 读数据地址: D, 读数据: 200D"
,"写数据地址: D, 写数据: 686D, 读数据地址: D, 读数据: 200D"
,"写数据地址: 8, 写数据: EB07, 读数据地址: 8, 读数据: 2008"
,"写数据地址: 8, 写数据: AA5D, 读数据地址: 8, 读数据: 2008"
,"写数据地址: 8, 写数据: 9960, 读数据地址: 8, 读数据: 2008"
